"Id","UTC","UTCMilliseconds","PCLocalTime","PCTime","Channel","ClipLength","BuoyLatitude","BuoyLongitude","TriggerName","BuoyHeading","DIFARBearing","TrueBearing","DifarFrequency","SignalAmplitude","DifarGain","Species","Latitude","Longitude","MatchedAngles","TrackedGroup"
1,8/31/2014 3:37:42,0,8/30/2014 20:37:42,10/15/2015 19:58:39,0,9.999500274,44.554250000,-125.015433333,,,328.000000000,,394.531250000,89.197991893,0.017516165,"Vessel              ",,,,"No group                                                                        "
2,8/31/2014 3:37:52,0,8/30/2014 20:37:52,10/15/2015 19:58:55,0,9.999500274,44.554250000,-125.015433333,,,323.000000000,,394.531250000,88.805984030,0.014858932,"Vessel              ",,,,"No group                                                                        "
3,8/31/2014 3:37:57,600,8/30/2014 20:37:57,10/15/2015 19:59:03,0,9.999500274,44.554250000,-125.015433333,,,328.000000000,,394.531250000,87.530143290,0.010484097,"Vessel              ",,,,"No group                                                                        "
4,8/31/2014 3:38:07,700,8/30/2014 20:38:07,10/15/2015 19:59:09,0,9.999500274,44.554250000,-125.015433333,,,324.000000000,,394.531250000,85.103215858,0.003522631,"Vessel              ",,,,"No group                                                                        "
5,8/31/2014 3:38:17,700,8/30/2014 20:38:17,10/15/2015 19:59:15,0,9.999500274,44.554250000,-125.015433333,,,328.000000000,,546.875000000,83.984380211,0.001741804,"Vessel              ",,,,"No group                                                                        "
6,8/31/2014 3:38:27,700,8/30/2014 20:38:27,10/15/2015 19:59:25,0,9.999500274,44.554250000,-125.015433333,,,327.000000000,,394.531250000,81.613689344,0.000803587,"Vessel              ",,,,"No group                                                                        "
7,8/31/2014 3:38:37,800,8/30/2014 20:38:37,10/15/2015 19:59:35,0,9.999500274,44.554250000,-125.015433333,,,325.000000000,,394.531250000,81.080085295,0.000696792,"Vessel              ",,,,"No group                                                                        "
8,8/31/2014 3:46:39,200,8/30/2014 20:46:39,10/15/2015 20:00:49,1,9.999500274,44.569900000,-125.021400000,,,321.000000000,,429.687500000,87.226168039,0.005077941,"Vessel              ",,,,"No group                                                                        "
9,8/31/2014 3:46:49,300,8/30/2014 20:46:49,10/15/2015 20:01:01,1,9.999500274,44.569900000,-125.021400000,,,325.000000000,,394.531250000,87.748251328,0.003789278,"Vessel              ",,,,"No group                                                                        "
10,8/31/2014 3:46:52,700,8/30/2014 20:46:52,10/15/2015 20:01:10,1,9.999500274,44.569900000,-125.021400000,,,328.000000000,,351.562500000,87.913128649,0.003210286,"Vessel              ",,,,"No group                                                                        "
11,8/31/2014 3:47:02,800,8/30/2014 20:47:02,10/15/2015 20:01:20,1,9.999500274,44.569900000,-125.021400000,,,317.000000000,,523.437500000,87.212760890,0.002862673,"Vessel              ",,,,"No group                                                                        "
12,8/31/2014 3:47:18,600,8/30/2014 20:47:18,10/15/2015 20:01:32,1,9.999500274,44.569900000,-125.021400000,,,322.000000000,,531.250000000,84.309476057,0.001621747,"Vessel              ",,,,"No group                                                                        "
13,8/31/2014 4:07:46,847,8/30/2014 21:07:46,10/15/2015 20:04:30,0,1.024000048,44.554250000,-125.015433333,"DIFAR Localisation                                                              ",19.500000000,270.000000000,289.500000000,26.367187500,75.028918828,0.000005565,"Bp                  ",,,,"7                                                                               "
14,8/31/2014 4:07:47,404,8/30/2014 21:07:47,10/15/2015 20:04:38,1,1.151979207,44.569900000,-125.021400000,"DIFAR Localisation                                                              ",21.500000000,188.000000000,209.500000000,24.414062500,72.913816973,0.000015847,"Bp                  ",44.558116298,-125.030757482,"13                                                                              ","7                                                                               "
15,8/31/2014 4:08:05,162,8/30/2014 21:08:05,10/15/2015 20:05:34,0,1.151979207,44.554250000,-125.015433333,"DIFAR Localisation                                                              ",19.500000000,207.000000000,226.500000000,19.531250000,71.428092202,0.000019454,"Bp                  ",,,,"8                                                                               "
16,8/31/2014 4:08:05,707,8/30/2014 21:08:05,10/15/2015 20:05:46,1,1.080000042,44.569900000,-125.021400000,"DIFAR Localisation                                                              ",21.500000000,180.000000000,201.500000000,21.484375000,63.442259109,0.000001851,"Bp                  ",44.538465226,-125.038776798,"15                                                                              ","8                                                                               "
17,8/31/2014 4:09:22,563,8/30/2014 21:09:22,10/15/2015 20:08:14,0,1.223999977,44.554250000,-125.015433333,"DIFAR Localisation                                                              ",19.500000000,254.000000000,273.500000000,25.390625000,77.270133762,0.000019037,"Bp                  ",,,,"9                                                                               "
18,8/31/2014 4:09:23,181,8/30/2014 21:09:23,10/15/2015 20:08:24,1,1.024000048,44.569900000,-125.021400000,"DIFAR Localisation                                                              ",21.500000000,180.000000000,201.500000000,21.484375000,74.203995275,0.000010077,"Bp                  ",44.554872075,-125.029708443,"17                                                                              ","9                                                                               "
19,8/31/2014 4:09:41,546,8/30/2014 21:09:41,10/15/2015 20:08:47,0,1.151979207,44.554250000,-125.015433333,"DIFAR Localisation                                                              ",19.500000000,217.000000000,236.500000000,16.601562500,75.611554071,0.000006063,"Bp                  ",,,,"10                                                                              "
20,8/31/2014 4:09:42,336,8/30/2014 21:09:42,10/15/2015 20:08:58,1,1.080000042,44.569900000,-125.021400000,"DIFAR Localisation                                                              ",21.500000000,180.000000000,201.500000000,20.507812500,73.324798246,0.000002071,"Bp                  ",44.544924489,-125.035206954,"19                                                                              ","10                                                                              "
21,8/31/2014 4:11:36,308,8/30/2014 21:11:36,10/15/2015 20:11:23,0,1.368000030,44.554250000,-125.015433333,"DIFAR Localisation                                                              ",19.500000000,224.000000000,243.500000000,16.601562500,81.456255767,0.000015194,"Bp                  ",,,,"11                                                                              "
22,8/31/2014 4:11:35,796,8/30/2014 21:11:35,10/15/2015 20:11:34,1,1.583999991,44.569900000,-125.021400000,"DIFAR Localisation                                                              ",21.500000000,352.000000000,373.500000000,18.554687500,78.910280638,0.000035158,"Bp                  ",,,,"11                                                                              "
23,8/31/2014 4:11:53,219,8/30/2014 21:11:53,10/15/2015 20:11:54,0,1.151979207,44.554250000,-125.015433333,"DIFAR Localisation                                                              ",19.500000000,333.000000000,352.500000000,26.367187500,79.818662257,0.000035641,"Bp                  ",,,,"12                                                                              "
24,8/31/2014 4:11:52,507,8/30/2014 21:11:52,10/15/2015 20:12:06,1,1.151979207,44.569900000,-125.021400000,"DIFAR Localisation                                                              ",21.500000000,9.000000000,30.500000000,23.437500000,77.042579870,0.000056997,"Bp                  ",44.572939878,-125.018886405,"23                                                                              ","12                                                                              "
25,8/31/2014 4:12:11,117,8/30/2014 21:12:11,10/15/2015 20:12:42,0,1.368000030,44.554250000,-125.015433333,"DIFAR Localisation                                                              ",19.500000000,327.000000000,346.500000000,18.554687500,71.583899626,0.000026067,"Bp                  ",,,,"13                                                                              "
26,8/31/2014 4:12:10,327,8/30/2014 21:12:10,10/15/2015 20:12:57,1,1.368000030,44.569900000,-125.021400000,"DIFAR Localisation                                                              ",21.500000000,326.000000000,347.500000000,19.531250000,72.931407267,0.000012207,"Bp                  ",44.596768949,-125.029763450,"25                                                                              ","13                                                                              "
27,8/31/2014 4:13:02,668,8/30/2014 21:13:02,10/15/2015 20:14:09,0,1.024000048,44.554250000,-125.015433333,"DIFAR Localisation                                                              ",19.500000000,180.000000000,199.500000000,19.531250000,71.967706305,0.000005293,"Bp                  ",,,,"14                                                                              "
28,8/31/2014 4:13:03,258,8/30/2014 21:13:03,10/15/2015 20:14:20,1,1.024000048,44.569900000,-125.021400000,"DIFAR Localisation                                                              ",21.500000000,180.000000000,201.500000000,15.625000000,70.253981749,0.000010393,"Bp                  ",,,,"14                                                                              "
29,8/31/2014 4:15:26,651,8/30/2014 21:15:26,10/15/2015 20:17:54,0,1.080000042,44.554250000,-125.015433333,"DIFAR Localisation                                                              ",19.500000000,180.000000000,199.500000000,20.507812500,71.735399101,0.000015505,"Bp                  ",,,,"15                                                                              "
30,8/31/2014 4:15:24,526,8/30/2014 21:15:24,10/15/2015 20:18:07,1,1.151979207,44.569900000,-125.021400000,"DIFAR Localisation                                                              ",21.500000000,277.000000000,298.500000000,19.531250000,66.480765487,0.000011965,"Bp                  ",,,,"15                                                                              "
31,8/31/2014 4:15:27,559,8/30/2014 21:15:27,10/15/2015 20:18:22,0,1.296000003,44.554250000,-125.015433333,"DIFAR Localisation                                                              ",19.500000000,326.000000000,345.500000000,16.601562500,93.478258675,0.000050030,"Bp                  ",,,,"16                                                                              "
32,8/31/2014 4:15:25,901,8/30/2014 21:15:25,10/15/2015 20:18:38,1,1.296000003,44.569900000,-125.021400000,"DIFAR Localisation                                                              ",21.500000000,331.000000000,352.500000000,18.554687500,85.259269390,0.000029099,"Bp                  ",44.571505393,-125.021696685,"31                                                                              ","16                                                                              "
33,8/31/2014 4:15:43,274,8/30/2014 21:15:43,10/15/2015 20:19:33,0,1.656000018,44.554250000,-125.015433333,"DIFAR Localisation                                                              ",19.500000000,335.000000000,354.500000000,21.484375000,84.248266552,0.000793484,"Bp                  ",,,,"17                                                                              "
34,8/31/2014 4:15:41,182,8/30/2014 21:15:41,10/15/2015 20:19:45,1,1.583999991,44.569900000,-125.021400000,"DIFAR Localisation                                                              ",21.500000000,278.000000000,299.500000000,24.414062500,80.994200838,0.001216883,"Bp                  ",,,,"17                                                                              "
35,8/31/2014 4:16:02,418,8/30/2014 21:16:02,10/15/2015 20:31:21,0,1.296000003,44.554250000,-125.015433333,"DIFAR Localisation                                                              ",19.500000000,332.000000000,351.500000000,21.484375000,76.861712893,0.000076117,"Bp                  ",,,,"18                                                                              "
36,8/31/2014 4:16:00,198,8/30/2014 21:16:00,10/15/2015 20:31:28,1,1.440000057,44.569900000,-125.021400000,"DIFAR Localisation                                                              ",21.500000000,276.000000000,297.500000000,26.367187500,79.101468422,0.000473181,"Bp                  ",,,,"18                                                                              "
37,8/31/2014 4:16:23,657,8/30/2014 21:16:23,10/15/2015 20:31:57,0,1.223999977,44.554250000,-125.015433333,"DIFAR Localisation                                                              ",19.500000000,350.000000000,369.500000000,20.507812500,72.803072313,0.000042372,"Bp                  ",,,,"19                                                                              "
38,8/31/2014 4:16:21,293,8/30/2014 21:16:21,10/15/2015 20:32:05,1,1.511999964,44.569900000,-125.021400000,"DIFAR Localisation                                                              ",21.500000000,268.000000000,289.500000000,27.343750000,77.027347095,0.000060279,"Bp                  ",,,,"19                                                                              "
39,8/31/2014 4:16:34,274,8/30/2014 21:16:34,10/15/2015 20:32:16,0,1.024000048,44.554250000,-125.015433333,"DIFAR Localisation                                                              ",19.500000000,180.000000000,199.500000000,19.531250000,76.447971016,0.000065591,"Bp                  ",,,,"20                                                                              "
40,8/31/2014 4:16:31,982,8/30/2014 21:16:31,10/15/2015 20:32:30,1,1.223999977,44.569900000,-125.021400000,"DIFAR Localisation                                                              ",21.500000000,265.000000000,286.500000000,19.531250000,69.591352878,0.000022275,"Bp                  ",,,,"20                                                                              "
41,8/31/2014 4:16:47,875,8/30/2014 21:16:47,10/15/2015 20:33:32,0,1.583999991,44.554250000,-125.015433333,"DIFAR Localisation                                                              ",19.500000000,326.000000000,345.500000000,20.507812500,82.038267491,0.000249103,"Bp                  ",,,,"21                                                                              "
42,8/31/2014 4:16:45,799,8/30/2014 21:16:45,10/15/2015 20:33:43,1,1.583999991,44.569900000,-125.021400000,"DIFAR Localisation                                                              ",21.500000000,266.000000000,287.500000000,24.414062500,76.162537558,0.000635938,"Bp                  ",,,,"21                                                                              "
43,8/31/2014 4:17:03,936,8/30/2014 21:17:03,10/15/2015 20:34:30,0,1.728000044,44.554250000,-125.015433333,"DIFAR Localisation                                                              ",19.500000000,315.000000000,334.500000000,16.601562500,82.066487191,0.000249136,"Bp                  ",,,,"22                                                                              "
44,8/31/2014 4:17:02,28,8/30/2014 21:17:02,10/15/2015 20:34:49,1,1.511999964,44.569900000,-125.021400000,"DIFAR Localisation                                                              ",21.500000000,260.000000000,281.500000000,18.554687500,75.757206328,0.000344662,"Bp                  ",44.570624051,-125.026395614,"43                                                                              ","22                                                                              "
45,8/31/2014 4:17:20,259,8/30/2014 21:17:20,10/15/2015 20:35:25,0,2.092000007,44.554250000,-125.015433333,"DIFAR Localisation                                                              ",19.500000000,319.000000000,338.500000000,20.507812500,92.006150192,0.000812033,"Bp                  ",,,,"23                                                                              "
46,8/31/2014 4:17:18,462,8/30/2014 21:17:18,10/15/2015 20:35:39,1,1.440000057,44.569900000,-125.021400000,"DIFAR Localisation                                                              ",21.500000000,262.000000000,283.500000000,25.390625000,78.887012377,0.000335846,"Bp                  ",44.570407373,-125.024366576,"45                                                                              ","23                                                                              "
47,8/31/2014 4:17:36,119,8/30/2014 21:17:36,10/15/2015 20:36:16,0,1.804000020,44.554250000,-125.015433333,"DIFAR Localisation                                                              ",19.500000000,325.000000000,344.500000000,19.531250000,81.114633775,0.000067431,"Bp                  ",,,,"24                                                                              "
48,8/31/2014 4:17:34,439,8/30/2014 21:17:34,10/15/2015 20:36:25,1,1.223999977,44.569900000,-125.021400000,"DIFAR Localisation                                                              ",21.500000000,260.000000000,281.500000000,19.531250000,72.223181546,0.000044133,"Bp                  ",44.569919176,-125.021532304,"47                                                                              ","24                                                                              "
49,8/31/2014 4:18:17,216,8/30/2014 21:18:17,10/15/2015 20:37:30,0,1.440000057,44.554250000,-125.015433333,"DIFAR Localisation                                                              ",19.500000000,312.000000000,331.500000000,19.531250000,72.309530830,0.000044553,"Bp                  ",,,,"25                                                                              "
50,8/31/2014 4:18:15,653,8/30/2014 21:18:15,10/15/2015 20:37:42,1,1.080000042,44.569900000,-125.021400000,"DIFAR Localisation                                                              ",21.500000000,270.000000000,291.500000000,20.507812500,72.932014073,0.000012702,"Bp                  ",44.572027614,-125.028981977,"49                                                                              ","25                                                                              "
51,8/31/2014 4:18:47,657,8/30/2014 21:18:47,10/15/2015 20:38:32,1,1.024000048,44.569900000,-125.021400000,"DIFAR Localisation                                                              ",21.500000000,180.000000000,201.500000000,19.531250000,72.102524265,0.000002492,"Bp                  ",,,,"No group                                                                        "
52,8/31/2014 4:18:56,640,8/30/2014 21:18:56,10/15/2015 20:39:05,1,1.151979207,44.569900000,-125.021400000,"DIFAR Localisation                                                              ",21.500000000,241.000000000,262.500000000,28.320312500,75.770807046,0.000012903,"Bp                  ",,,,"No group                                                                        "
53,8/31/2014 4:19:03,35,8/30/2014 21:19:03,10/15/2015 20:39:20,1,1.223999977,44.569900000,-125.021400000,"DIFAR Localisation                                                              ",21.500000000,212.000000000,233.500000000,26.367187500,76.646552461,0.000004311,"Bp                  ",,,,"No group                                                                        "
54,8/31/2014 4:19:20,53,8/30/2014 21:19:20,10/15/2015 20:39:53,0,1.656000018,44.554250000,-125.015433333,"DIFAR Localisation                                                              ",19.500000000,312.000000000,331.500000000,19.531250000,74.915730986,0.000048876,"Bp                  ",,,,"26                                                                              "
55,8/31/2014 4:19:18,590,8/30/2014 21:19:18,10/15/2015 20:40:05,1,1.296000003,44.569900000,-125.021400000,"DIFAR Localisation                                                              ",21.500000000,233.000000000,254.500000000,19.531250000,73.470672323,0.000024725,"Bp                  ",44.568876566,-125.026580204,"54                                                                              ","26                                                                              "
56,8/31/2014 4:19:37,94,8/30/2014 21:19:37,10/15/2015 20:40:31,0,1.656000018,44.554250000,-125.015433333,"DIFAR Localisation                                                              ",19.500000000,294.000000000,313.500000000,23.437500000,74.504289437,0.000031198,"Bp                  ",,,,"27                                                                              "
57,8/31/2014 4:19:35,787,8/30/2014 21:19:35,10/15/2015 20:40:42,1,1.080000042,44.569900000,-125.021400000,"DIFAR Localisation                                                              ",21.500000000,270.000000000,291.500000000,23.437500000,72.465111046,0.000008038,"Bp                  ",44.578143471,-125.050778027,"56                                                                              ","27                                                                              "
58,8/31/2014 4:19:57,72,8/30/2014 21:19:57,10/15/2015 20:40:57,0,1.583999991,44.554250000,-125.015433333,"DIFAR Localisation                                                              ",19.500000000,311.000000000,330.500000000,18.554687500,79.289405731,0.000097044,"Bp                  ",,,,"28                                                                              "
59,8/31/2014 4:19:55,247,8/30/2014 21:19:55,10/15/2015 20:41:09,1,1.223999977,44.569900000,-125.021400000,"DIFAR Localisation                                                              ",21.500000000,233.000000000,254.500000000,22.460937500,73.614413565,0.000015883,"Bp                  ",44.568796565,-125.026985131,"58                                                                              ","28                                                                              "
60,8/31/2014 4:20:05,858,8/30/2014 21:20:05,10/15/2015 20:41:59,0,1.223999977,44.554250000,-125.015433333,"DIFAR Localisation                                                              ",19.500000000,225.000000000,244.500000000,20.507812500,69.456977002,0.000007717,"Bp                  ",,,,"No group                                                                        "
61,8/31/2014 4:20:11,739,8/30/2014 21:20:11,10/15/2015 20:42:28,1,1.151979207,44.569900000,-125.021400000,"DIFAR Localisation                                                              ",21.500000000,220.000000000,241.500000000,27.343750000,71.275494801,0.000003463,"Bp                  ",,,,"29                                                                              "
62,8/31/2014 4:20:13,682,8/30/2014 21:20:13,10/15/2015 20:43:58,0,1.368000030,44.554250000,-125.015433333,"DIFAR Localisation                                                              ",19.500000000,313.000000000,332.500000000,22.460937500,75.020605107,0.000118728,"Bp                  ",44.568250921,-125.025662681,"61                                                                              ","29                                                                              "
63,8/31/2014 4:20:31,473,8/30/2014 21:20:31,10/15/2015 20:45:14,0,1.656000018,44.554250000,-125.015433333,"DIFAR Localisation                                                              ",19.500000000,238.000000000,257.500000000,20.507812500,81.139852426,0.000021031,"Bp                  ",,,,"30                                                                              "
64,8/31/2014 4:20:30,193,8/30/2014 21:20:30,10/15/2015 20:45:25,1,1.583999991,44.569900000,-125.021400000,"DIFAR Localisation                                                              ",21.500000000,229.000000000,250.500000000,19.531250000,77.231035207,0.000032185,"Bp                  ",44.525529610,-125.197215917,"63                                                                              ","30                                                                              "
65,8/31/2014 4:20:46,485,8/30/2014 21:20:46,10/15/2015 20:45:41,0,1.583999991,44.554250000,-125.015433333,"DIFAR Localisation                                                              ",19.500000000,307.000000000,326.500000000,22.460937500,81.301923207,0.000060912,"Bp                  ",,,,"31                                                                              "
66,8/31/2014 4:20:44,805,8/30/2014 21:20:44,10/15/2015 20:45:52,1,1.223999977,44.569900000,-125.021400000,"DIFAR Localisation                                                              ",21.500000000,217.000000000,238.500000000,25.390625000,76.084484339,0.000009968,"Bp                  ",44.567237395,-125.027498972,"65                                                                              ","31                                                                              "
67,8/31/2014 4:21:16,41,8/30/2014 21:21:16,10/15/2015 20:47:07,0,1.804000020,44.554250000,-125.015433333,"DIFAR Localisation                                                              ",19.500000000,309.000000000,328.500000000,17.578125000,81.524028489,0.000045983,"Bp                  ",,,,"32                                                                              "
68,8/31/2014 4:21:15,674,8/30/2014 21:21:15,10/15/2015 20:47:24,1,1.583999991,44.569900000,-125.021400000,"DIFAR Localisation                                                              ",21.500000000,211.000000000,232.500000000,20.507812500,76.965717623,0.000052221,"Bp                  ",44.567113431,-125.026497510,"67                                                                              ","32                                                                              "
69,8/31/2014 4:21:30,682,8/30/2014 21:21:30,10/15/2015 20:47:50,0,1.583999991,44.554250000,-125.015433333,"DIFAR Localisation                                                              ",19.500000000,285.000000000,304.500000000,17.578125000,79.572401550,0.000033595,"Bp                  ",,,,"33                                                                              "
70,8/31/2014 4:21:30,304,8/30/2014 21:21:30,10/15/2015 20:48:05,1,1.804000020,44.569900000,-125.021400000,"DIFAR Localisation                                                              ",21.500000000,250.000000000,271.500000000,15.625000000,84.857736394,0.000074391,"Bp                  ",44.570404164,-125.048426227,"69                                                                              ","33                                                                              "
71,8/31/2014 4:21:52,265,8/30/2014 21:21:52,10/15/2015 20:48:24,1,1.223999977,44.569900000,-125.021400000,"DIFAR Localisation                                                              ",21.500000000,311.000000000,332.500000000,16.601562500,69.142536326,0.000015894,"Bp                  ",,,,"No group                                                                        "
72,8/31/2014 4:22:45,28,8/30/2014 21:22:45,10/15/2015 20:49:42,0,1.511999964,44.554250000,-125.015433333,"DIFAR Localisation                                                              ",19.500000000,315.000000000,334.500000000,19.531250000,77.331491204,0.000053225,"Bp                  ",,,,"34                                                                              "
73,8/31/2014 4:22:44,800,8/30/2014 21:22:44,10/15/2015 20:49:56,1,1.296000003,44.569900000,-125.021400000,"DIFAR Localisation                                                              ",21.500000000,216.000000000,237.500000000,16.601562500,79.701113576,0.000070967,"Bp                  ",44.568329895,-125.024859511,"72                                                                              ","34                                                                              "
74,8/31/2014 4:22:56,526,8/30/2014 21:22:56,10/15/2015 20:50:33,0,1.223999977,44.554250000,-125.015433333,"DIFAR Localisation                                                              ",19.500000000,262.000000000,281.500000000,21.484375000,75.277917056,0.000024041,"Bp                  ",,,,"35                                                                              "
75,8/31/2014 4:22:56,192,8/30/2014 21:22:56,10/15/2015 20:50:39,1,1.151979207,44.569900000,-125.021400000,"DIFAR Localisation                                                              ",21.500000000,199.000000000,220.500000000,22.460937500,80.025550026,0.000057337,"Bp                  ",44.557303706,-125.036499894,"74                                                                              ","35                                                                              "
76,8/31/2014 4:23:08,947,8/30/2014 21:23:08,10/15/2015 20:51:23,0,1.024000048,44.554250000,-125.015433333,"DIFAR Localisation                                                              ",19.500000000,270.000000000,289.500000000,18.554687500,72.122069597,0.000005184,"Bp                  ",,,,"36                                                                              "
77,8/31/2014 4:23:08,413,8/30/2014 21:23:08,10/15/2015 20:51:35,1,1.296000003,44.569900000,-125.021400000,"DIFAR Localisation                                                              ",21.500000000,219.000000000,240.500000000,16.601562500,75.642277279,0.000018053,"Bp                  ",44.561200478,-125.042982417,"76                                                                              ","36                                                                              "
78,8/31/2014 4:23:13,350,8/30/2014 21:23:13,10/15/2015 20:51:52,0,1.656000018,44.554250000,-125.015433333,"DIFAR Localisation                                                              ",19.500000000,286.000000000,305.500000000,27.343750000,81.634928798,0.000075874,"Bp                  ",,,,"37                                                                              "
79,8/31/2014 4:23:12,889,8/30/2014 21:23:12,10/15/2015 20:52:08,1,1.440000057,44.569900000,-125.021400000,"DIFAR Localisation                                                              ",21.500000000,205.000000000,226.500000000,25.390625000,77.354811326,0.000038064,"Bp                  ",44.562696721,-125.032054488,"78                                                                              ","37                                                                              "
80,8/31/2014 4:23:27,579,8/30/2014 21:23:27,10/15/2015 20:52:23,0,1.223999977,44.554250000,-125.015433333,"DIFAR Localisation                                                              ",19.500000000,297.000000000,316.500000000,19.531250000,73.216396207,0.000026861,"Bp                  ",,,,"38                                                                              "
81,8/31/2014 4:23:27,190,8/30/2014 21:23:27,10/15/2015 20:52:35,1,1.223999977,44.569900000,-125.021400000,"DIFAR Localisation                                                              ",21.500000000,218.000000000,239.500000000,21.484375000,75.281394762,0.000022891,"Bp                  ",44.565894864,-125.030944055,"80                                                                              ","38                                                                              "
82,8/31/2014 4:24:06,621,8/30/2014 21:24:06,10/15/2015 20:54:15,1,1.151979207,44.569900000,-125.021400000,"DIFAR Localisation                                                              ",21.500000000,215.000000000,236.500000000,17.578125000,74.450404685,0.000063678,"Bp                  ",,,,"39                                                                              "
83,8/31/2014 4:24:06,771,8/30/2014 21:24:06,10/15/2015 20:54:19,0,1.024000048,44.554250000,-125.015433333,"DIFAR Localisation                                                              ",19.500000000,270.000000000,289.500000000,19.531250000,71.005993989,0.000003767,"Bp                  ",44.560685383,-125.040937559,"82                                                                              ","39                                                                              "
84,8/31/2014 4:24:13,901,8/30/2014 21:24:13,10/15/2015 20:54:46,0,1.024000048,44.554250000,-125.015433333,"DIFAR Localisation                                                              ",19.500000000,270.000000000,289.500000000,20.507812500,85.902371297,0.000028266,"Bp                  ",,,,"40                                                                              "
85,8/31/2014 4:24:13,189,8/30/2014 21:24:13,10/15/2015 20:55:00,1,1.296000003,44.569900000,-125.021400000,"DIFAR Localisation                                                              ",21.500000000,226.000000000,247.500000000,27.343750000,74.766460695,0.000031178,"Bp                  ",44.562274555,-125.047239947,"84                                                                              ","40                                                                              "
86,8/31/2014 4:23:56,889,8/30/2014 21:23:56,10/15/2015 20:55:24,0,1.080000042,44.554250000,-125.015433333,"DIFAR Localisation                                                              ",19.500000000,180.000000000,199.500000000,28.320312500,72.497872444,0.000005274,"Bp                  ",,,,"41                                                                              "
87,8/31/2014 4:23:57,857,8/30/2014 21:23:57,10/15/2015 20:55:38,1,1.024000048,44.569900000,-125.021400000,"DIFAR Localisation                                                              ",21.500000000,180.000000000,201.500000000,25.390625000,73.754516667,0.000006633,"Bp                  ",,,,"41                                                                              "
88,8/31/2014 4:24:33,180,8/30/2014 21:24:33,10/15/2015 20:56:12,0,1.080000042,44.554250000,-125.015433333,"DIFAR Localisation                                                              ",19.500000000,270.000000000,289.500000000,16.601562500,65.840138538,0.000005629,"Bp                  ",,,,"42                                                                              "
89,8/31/2014 4:24:32,757,8/30/2014 21:24:32,10/15/2015 20:56:22,1,1.296000003,44.569900000,-125.021400000,"DIFAR Localisation                                                              ",21.500000000,195.000000000,216.500000000,17.578125000,72.868622370,0.000171937,"Bp                  ",44.558692240,-125.033040324,"88                                                                              ","42                                                                              "
90,8/31/2014 4:24:36,581,8/30/2014 21:24:36,10/15/2015 20:57:02,0,1.440000057,44.554250000,-125.015433333,"DIFAR Localisation                                                              ",19.500000000,291.000000000,310.500000000,20.507812500,81.081651690,0.000071535,"Bp                  ",,,,"43                                                                              "
91,8/31/2014 4:24:36,208,8/30/2014 21:24:36,10/15/2015 20:57:14,1,1.583999991,44.569900000,-125.021400000,"DIFAR Localisation                                                              ",21.500000000,204.000000000,225.500000000,22.460937500,83.668309944,0.000355883,"Bp                  ",44.563469623,-125.030584845,"90                                                                              ","43                                                                              "
92,8/31/2014 4:24:41,931,8/30/2014 21:24:41,10/15/2015 20:57:55,0,1.296000003,44.554250000,-125.015433333,"DIFAR Localisation                                                              ",19.500000000,288.000000000,307.500000000,19.531250000,78.530891429,0.000036037,"Bp                  ",,,,"44                                                                              "
93,8/31/2014 4:24:41,842,8/30/2014 21:24:41,10/15/2015 20:58:07,1,1.368000030,44.569900000,-125.021400000,"DIFAR Localisation                                                              ",21.500000000,186.000000000,207.500000000,18.554687500,76.929179823,0.000197134,"Bp                  ",44.561047960,-125.027867943,"92                                                                              ","44                                                                              "
94,8/31/2014 4:24:51,168,8/30/2014 21:24:51,10/15/2015 20:58:34,0,1.296000003,44.554250000,-125.015433333,"DIFAR Localisation                                                              ",19.500000000,282.000000000,301.500000000,25.390625000,83.158111600,0.000125875,"Bp                  ",,,,"45                                                                              "
95,8/31/2014 4:24:51,135,8/30/2014 21:24:51,10/15/2015 20:58:38,1,1.511999964,44.569900000,-125.021400000,"DIFAR Localisation                                                              ",21.500000000,204.000000000,225.500000000,22.460937500,84.931564706,0.001404763,"Bp                  ",44.561865422,-125.032876053,"94                                                                              ","45                                                                              "
96,8/31/2014 4:24:50,306,8/30/2014 21:24:50,10/15/2015 20:59:19,0,1.024000048,44.554250000,-125.015433333,"DIFAR Localisation                                                              ",19.500000000,270.000000000,289.500000000,28.320312500,72.686364102,0.000007238,"Bp                  ",,,,"46                                                                              "
97,8/31/2014 4:24:49,928,8/30/2014 21:24:49,10/15/2015 20:59:33,1,1.151979207,44.569900000,-125.021400000,"DIFAR Localisation                                                              ",21.500000000,225.000000000,246.500000000,25.390625000,71.376490277,0.000018766,"Bp                  ",44.564485722,-125.038878238,"94                                                                              ","46                                                                              "
98,8/31/2014 4:25:02,576,8/30/2014 21:25:02,10/15/2015 20:59:59,1,2.092000007,44.569900000,-125.021400000,"DIFAR Localisation                                                              ",21.500000000,206.000000000,227.500000000,16.601562500,83.683834670,0.000109630,"Bp                  ",,,,"No group                                                                        "
99,8/31/2014 4:25:07,578,8/30/2014 21:25:07,10/15/2015 21:00:39,0,1.223999977,44.554250000,-125.015433333,"DIFAR Localisation                                                              ",19.500000000,259.000000000,278.500000000,19.531250000,75.556455903,0.000010404,"Bp                  ",,,,"47                                                                              "
100,8/31/2014 4:25:07,400,8/30/2014 21:25:07,10/15/2015 21:00:54,1,1.440000057,44.569900000,-125.021400000,"DIFAR Localisation                                                              ",21.500000000,209.000000000,230.500000000,22.460937500,75.491832140,0.000056798,"Bp                  ",44.557189703,-125.043041283,"99                                                                              ","47                                                                              "
101,8/31/2014 4:25:16,75,8/30/2014 21:25:16,10/15/2015 21:01:35,0,1.656000018,44.554250000,-125.015433333,"DIFAR Localisation                                                              ",19.500000000,295.000000000,314.500000000,19.531250000,79.679054587,0.000161613,"Bp                  ",,,,"48                                                                              "
102,8/31/2014 4:25:15,914,8/30/2014 21:25:15,10/15/2015 21:01:52,1,1.804000020,44.569900000,-125.021400000,"DIFAR Localisation                                                              ",21.500000000,203.000000000,224.500000000,17.578125000,87.512819309,0.002229731,"Bp                  ",44.564063708,-125.029450339,"101                                                                             ","48                                                                              "
103,8/31/2014 4:25:29,163,8/30/2014 21:25:29,10/15/2015 21:02:21,0,1.804000020,44.554250000,-125.015433333,"DIFAR Localisation                                                              ",19.500000000,302.000000000,321.500000000,24.414062500,89.555124486,0.000388149,"Bp                  ",,,,"49                                                                              "
104,8/31/2014 4:25:28,912,8/30/2014 21:25:28,10/15/2015 21:02:38,1,1.440000057,44.569900000,-125.021400000,"DIFAR Localisation                                                              ",21.500000000,199.000000000,220.500000000,27.343750000,88.895059516,0.000128677,"Bp                  ",44.564930436,-125.027357689,"103                                                                             ","49                                                                              "
105,8/31/2014 4:25:41,613,8/30/2014 21:25:41,10/15/2015 21:03:42,0,1.583999991,44.554250000,-125.015433333,"DIFAR Localisation                                                              ",19.500000000,293.000000000,312.500000000,19.531250000,80.414570553,0.000523388,"Bp                  ",,,,"50                                                                              "
106,8/31/2014 4:25:41,513,8/30/2014 21:25:41,10/15/2015 21:03:55,1,1.296000003,44.569900000,-125.021400000,"DIFAR Localisation                                                              ",21.500000000,197.000000000,218.500000000,18.554687500,82.422873870,0.000235293,"Bp                  ",44.563101101,-125.028990975,"105                                                                             ","50                                                                              "
107,8/31/2014 4:25:46,249,8/30/2014 21:25:46,10/15/2015 21:04:19,0,1.080000042,44.554250000,-125.015433333,"DIFAR Localisation                                                              ",19.500000000,270.000000000,289.500000000,29.296875000,70.161583328,0.000002843,"Bp                  ",,,,"51                                                                              "
108,8/31/2014 4:25:47,813,8/30/2014 21:25:47,10/15/2015 21:04:32,1,1.024000048,44.569900000,-125.021400000,"DIFAR Localisation                                                              ",21.500000000,180.000000000,201.500000000,29.296875000,77.247603030,0.000031181,"Bp                  ",44.557486937,-125.028262926,"107                                                                             ","51                                                                              "
109,8/31/2014 4:25:48,688,8/30/2014 21:25:48,10/15/2015 21:04:51,0,1.804000020,44.554250000,-125.015433333,"DIFAR Localisation                                                              ",19.500000000,295.000000000,314.500000000,24.414062500,85.776743396,0.000182357,"Bp                  ",,,,"52                                                                              "
110,8/31/2014 4:25:48,933,8/30/2014 21:25:48,10/15/2015 21:05:06,1,1.804000020,44.569900000,-125.021400000,"DIFAR Localisation                                                              ",21.500000000,204.000000000,225.500000000,23.437500000,93.349645483,0.000928320,"Bp                  ",44.564163818,-125.029593340,"109                                                                             ","52                                                                              "
111,8/31/2014 4:25:54,308,8/30/2014 21:25:54,10/15/2015 21:10:50,0,2.019999980,44.554250000,-125.015433333,"DIFAR Localisation                                                              ",19.500000000,299.000000000,318.500000000,21.484375000,86.299714843,0.000275509,"Bp                  ",,,,"53                                                                              "
112,8/31/2014 4:25:54,475,8/30/2014 21:25:54,10/15/2015 21:11:08,1,1.368000030,44.569900000,-125.021400000,"DIFAR Localisation                                                              ",21.500000000,190.000000000,211.500000000,22.460937500,89.828434574,0.000147888,"Bp                  ",44.563492928,-125.026911047,"111                                                                             ","53                                                                              "
113,8/31/2014 4:26:15,981,8/30/2014 21:26:15,10/15/2015 21:11:23,0,1.296000003,44.554250000,-125.015433333,"DIFAR Localisation                                                              ",19.500000000,287.000000000,306.500000000,19.531250000,75.211179424,0.000083385,"Bp                  ",,,,"54                                                                              "
114,8/31/2014 4:26:15,747,8/30/2014 21:26:15,10/15/2015 21:11:37,1,1.151979207,44.569900000,-125.021400000,"DIFAR Localisation                                                              ",21.500000000,191.000000000,212.500000000,22.460937500,75.776862371,0.000018109,"Bp                  ",44.561401820,-125.028999075,"113                                                                             ","54                                                                              "
115,8/31/2014 4:26:30,303,8/30/2014 21:26:30,10/15/2015 21:11:52,0,1.296000003,44.554250000,-125.015433333,"DIFAR Localisation                                                              ",19.500000000,281.000000000,300.500000000,19.531250000,76.097403986,0.000030093,"Bp                  ",,,,"55                                                                              "
116,8/31/2014 4:26:29,997,8/30/2014 21:26:29,10/15/2015 21:12:03,1,1.583999991,44.569900000,-125.021400000,"DIFAR Localisation                                                              ",21.500000000,202.000000000,223.500000000,17.578125000,76.067557479,0.000015616,"Bp                  ",44.561467671,-125.032631694,"115                                                                             ","55                                                                              "
117,8/31/2014 4:27:00,149,8/30/2014 21:27:00,10/15/2015 21:13:48,0,1.368000030,44.554250000,-125.015433333,"DIFAR Localisation                                                              ",19.500000000,274.000000000,293.500000000,18.554687500,74.223701744,0.000025306,"Bp                  ",,,,"56                                                                              "
118,8/31/2014 4:26:59,994,8/30/2014 21:26:59,10/15/2015 21:14:08,1,1.440000057,44.569900000,-125.021400000,"DIFAR Localisation                                                              ",21.500000000,202.000000000,223.500000000,17.578125000,76.941537091,0.000074161,"Bp                  ",44.560129847,-125.034413500,"117                                                                             ","56                                                                              "
119,8/31/2014 4:27:13,641,8/30/2014 21:27:13,10/15/2015 21:14:23,0,1.583999991,44.554250000,-125.015433333,"DIFAR Localisation                                                              ",19.500000000,283.000000000,302.500000000,24.414062500,83.132085268,0.000317717,"Bp                  ",,,,"57                                                                              "
120,8/31/2014 4:27:13,336,8/30/2014 21:27:13,10/15/2015 21:14:34,1,1.876000046,44.569900000,-125.021400000,"DIFAR Localisation                                                              ",21.500000000,209.000000000,230.500000000,22.460937500,87.030530250,0.000777005,"Bp                  ",44.562599974,-125.033830023,"119                                                                             ","57                                                                              "
121,8/31/2014 4:27:28,55,8/30/2014 21:27:28,10/15/2015 21:14:44,0,1.583999991,44.554250000,-125.015433333,"DIFAR Localisation                                                              ",19.500000000,279.000000000,298.500000000,19.531250000,83.500751397,0.000842629,"Bp                  ",,,,"58                                                                              "
122,8/31/2014 4:27:28,72,8/30/2014 21:27:28,10/15/2015 21:14:56,1,1.583999991,44.569900000,-125.021400000,"DIFAR Localisation                                                              ",21.500000000,200.000000000,221.500000000,17.578125000,86.471025017,0.001832283,"Bp                  ",44.560887509,-125.032591771,"121                                                                             ","58                                                                              "
123,8/31/2014 4:27:44,705,8/30/2014 21:27:44,10/15/2015 21:15:13,0,1.728000044,44.554250000,-125.015433333,"DIFAR Localisation                                                              ",19.500000000,290.000000000,309.500000000,24.414062500,88.292049349,0.000702840,"Bp                  ",,,,"59                                                                              "
124,8/31/2014 4:27:44,455,8/30/2014 21:27:44,10/15/2015 21:15:23,1,1.876000046,44.569900000,-125.021400000,"DIFAR Localisation                                                              ",21.500000000,209.000000000,230.500000000,22.460937500,88.819737655,0.000943955,"Bp                  ",44.563827207,-125.031740477,"123                                                                             ","59                                                                              "
125,8/31/2014 4:27:56,788,8/30/2014 21:27:56,10/15/2015 21:15:35,0,1.511999964,44.554250000,-125.015433333,"DIFAR Localisation                                                              ",19.500000000,284.000000000,303.500000000,19.531250000,80.463924288,0.000236419,"Bp                  ",,,,"60                                                                              "
126,8/31/2014 4:27:56,677,8/30/2014 21:27:56,10/15/2015 21:15:46,1,1.080000042,44.569900000,-125.021400000,"DIFAR Localisation                                                              ",21.500000000,270.000000000,291.500000000,22.460937500,77.123002823,0.000007235,"Bp                  ",44.588768588,-125.088649892,"125                                                                             ","60                                                                              "
127,8/31/2014 4:28:05,810,8/30/2014 21:28:05,10/15/2015 21:16:06,0,1.876000046,44.554250000,-125.015433333,"DIFAR Localisation                                                              ",19.500000000,292.000000000,311.500000000,24.414062500,89.563323811,0.000830306,"Bp                  ",,,,"61                                                                              "
128,8/31/2014 4:28:05,582,8/30/2014 21:28:05,10/15/2015 21:16:20,1,1.876000046,44.569900000,-125.021400000,"DIFAR Localisation                                                              ",21.500000000,215.000000000,236.500000000,27.343750000,88.981344376,0.000230244,"Bp                  ",44.564812058,-125.032189950,"127                                                                             ","61                                                                              "
129,8/31/2014 4:28:22,356,8/30/2014 21:28:22,10/15/2015 21:16:43,0,1.511999964,44.554250000,-125.015433333,"DIFAR Localisation                                                              ",19.500000000,277.000000000,296.500000000,22.460937500,84.091633236,0.000288126,"Bp                  ",,,,"62                                                                              "
130,8/31/2014 4:28:22,317,8/30/2014 21:28:22,10/15/2015 21:16:52,1,1.511999964,44.569900000,-125.021400000,"DIFAR Localisation                                                              ",21.500000000,202.000000000,223.500000000,22.460937500,87.472329448,0.000116278,"Bp                  ",44.560715219,-125.033633866,"129                                                                             ","62                                                                              "
131,8/31/2014 4:28:38,144,8/30/2014 21:28:38,10/15/2015 21:17:10,0,1.876000046,44.554250000,-125.015433333,"DIFAR Localisation                                                              ",19.500000000,275.000000000,294.500000000,19.531250000,87.056970798,0.000339430,"Bp                  ",,,,"63                                                                              "
132,8/31/2014 4:28:38,200,8/30/2014 21:28:38,10/15/2015 21:17:23,1,1.656000018,44.569900000,-125.021400000,"DIFAR Localisation                                                              ",21.500000000,203.000000000,224.500000000,17.578125000,79.349013259,0.000532048,"Bp                  ",44.560428918,-125.034463609,"131                                                                             ","63                                                                              "
133,8/31/2014 4:28:52,992,8/30/2014 21:28:52,10/15/2015 21:17:39,0,1.583999991,44.554250000,-125.015433333,"DIFAR Localisation                                                              ",19.500000000,275.000000000,294.500000000,22.460937500,82.556611516,0.000306444,"Bp                  ",,,,"64                                                                              "
134,8/31/2014 4:28:53,143,8/30/2014 21:28:53,10/15/2015 21:17:55,1,1.583999991,44.569900000,-125.021400000,"DIFAR Localisation                                                              ",21.500000000,206.000000000,227.500000000,22.460937500,83.163617913,0.000288492,"Bp                  ",44.560742001,-125.035427916,"133                                                                             ","64                                                                              "
135,8/31/2014 4:29:06,905,8/30/2014 21:29:06,10/15/2015 21:18:07,0,1.804000020,44.554250000,-125.015433333,"DIFAR Localisation                                                              ",19.500000000,284.000000000,303.500000000,19.531250000,78.759595143,0.000024471,"Bp                  ",,,,"65                                                                              "
136,8/31/2014 4:29:06,984,8/30/2014 21:29:06,10/15/2015 21:18:19,1,1.583999991,44.569900000,-125.021400000,"DIFAR Localisation                                                              ",21.500000000,205.000000000,226.500000000,17.578125000,74.277282124,0.000059400,"Bp                  ",44.562338095,-125.032584902,"135                                                                             ","65                                                                              "
137,8/31/2014 4:30:01,309,8/30/2014 21:30:01,10/15/2015 21:19:14,0,1.296000003,44.554250000,-125.015433333,"DIFAR Localisation                                                              ",19.500000000,232.000000000,251.500000000,26.367187500,76.348354697,0.000019025,"Bp                  ",,,,"66                                                                              "
138,8/31/2014 4:30:01,671,8/30/2014 21:30:01,10/15/2015 21:19:25,1,1.024000048,44.569900000,-125.021400000,"DIFAR Localisation                                                              ",21.500000000,180.000000000,201.500000000,23.437500000,69.018555406,0.000009730,"Bp                  ",44.550235819,-125.032271243,"137                                                                             ","66                                                                              "
139,8/31/2014 4:30:19,289,8/30/2014 21:30:19,10/15/2015 21:19:41,0,1.296000003,44.554250000,-125.015433333,"DIFAR Localisation                                                              ",19.500000000,298.000000000,317.500000000,20.507812500,74.541678570,0.000014297,"Bp                  ",,,,"67                                                                              "
140,8/31/2014 4:30:18,894,8/30/2014 21:30:18,10/15/2015 21:19:52,1,1.296000003,44.569900000,-125.021400000,"DIFAR Localisation                                                              ",21.500000000,204.000000000,225.500000000,24.414062500,74.053393039,0.000019595,"Bp                  ",44.564682983,-125.028851817,"139                                                                             ","67                                                                              "
141,8/31/2014 4:30:30,543,8/30/2014 21:30:30,10/15/2015 21:20:18,0,1.296000003,44.554250000,-125.015433333,"DIFAR Localisation                                                              ",19.500000000,269.000000000,288.500000000,20.507812500,83.868758968,0.000039403,"Bp                  ",,,,"68                                                                              "
142,8/31/2014 4:30:30,237,8/30/2014 21:30:30,10/15/2015 21:20:30,1,1.296000003,44.569900000,-125.021400000,"DIFAR Localisation                                                              ",21.500000000,208.000000000,229.500000000,25.390625000,78.191868134,0.000033035,"Bp                  ",44.559677287,-125.038199963,"141                                                                             ","68                                                                              "
143,8/31/2014 4:30:48,707,8/30/2014 21:30:48,10/15/2015 21:20:46,0,1.223999977,44.554250000,-125.015433333,"DIFAR Localisation                                                              ",19.500000000,273.000000000,292.500000000,19.531250000,73.387550774,0.000025482,"Bp                  ",,,,"69                                                                              "
144,8/31/2014 4:30:48,724,8/30/2014 21:30:48,10/15/2015 21:20:57,1,1.440000057,44.569900000,-125.021400000,"DIFAR Localisation                                                              ",21.500000000,198.000000000,219.500000000,18.554687500,78.424481347,0.000332236,"Bp                  ",44.559546215,-125.033379651,"143                                                                             ","69                                                                              "
145,8/31/2014 4:30:57,206,8/30/2014 21:30:57,10/15/2015 21:21:18,0,1.151979207,44.554250000,-125.015433333,"DIFAR Localisation                                                              ",19.500000000,252.000000000,271.500000000,27.343750000,76.666677761,0.000031153,"Bp                  ",,,,"70                                                                              "
146,8/31/2014 4:30:56,950,8/30/2014 21:30:56,10/15/2015 21:21:29,1,1.024000048,44.569900000,-125.021400000,"DIFAR Localisation                                                              ",21.500000000,270.000000000,291.500000000,25.390625000,71.469235164,0.000007728,"Bp                  ",,,,"70                                                                              "
147,8/31/2014 4:31:06,116,8/30/2014 21:31:06,10/15/2015 21:21:51,0,1.583999991,44.554250000,-125.015433333,"DIFAR Localisation                                                              ",19.500000000,222.000000000,241.500000000,25.390625000,78.380203574,0.000010202,"Bp                  ",,,,"71                                                                              "
148,8/31/2014 4:31:06,489,8/30/2014 21:31:06,10/15/2015 21:22:06,1,1.223999977,44.569900000,-125.021400000,"DIFAR Localisation                                                              ",21.500000000,216.000000000,237.500000000,26.367187500,77.480084823,0.000035126,"Bp                  ",44.448339188,-125.288966759,"147                                                                             ","71                                                                              "
149,8/31/2014 4:31:27,830,8/30/2014 21:31:27,10/15/2015 21:22:53,0,1.804000020,44.554250000,-125.015433333,"DIFAR Localisation                                                              ",19.500000000,274.000000000,293.500000000,18.554687500,80.834764393,0.000143117,"Bp                  ",,,,"72                                                                              "
150,8/31/2014 4:31:27,947,8/30/2014 21:31:27,10/15/2015 21:23:04,1,1.440000057,44.569900000,-125.021400000,"DIFAR Localisation                                                              ",21.500000000,196.000000000,217.500000000,18.554687500,74.491059125,0.000220059,"Bp                  ",44.559551259,-125.032545731,"149                                                                             ","72                                                                              "
151,8/31/2014 4:32:02,407,8/30/2014 21:32:02,10/15/2015 21:23:52,0,1.223999977,44.554250000,-125.015433333,"DIFAR Localisation                                                              ",19.500000000,271.000000000,290.500000000,18.554687500,68.889426478,0.000025243,"Bp                  ",,,,"73                                                                              "
152,8/31/2014 4:32:02,430,8/30/2014 21:32:02,10/15/2015 21:24:05,1,1.080000042,44.569900000,-125.021400000,"DIFAR Localisation                                                              ",21.500000000,180.000000000,201.500000000,19.531250000,68.056952721,0.000023508,"Bp                  ",44.557644422,-125.028175866,"151                                                                             ","73                                                                              "
153,8/31/2014 4:34:20,291,8/30/2014 21:34:20,10/15/2015 21:26:59,0,1.583999991,44.554250000,-125.015433333,"DIFAR Localisation                                                              ",19.500000000,247.000000000,266.500000000,22.460937500,77.293923978,0.000037438,"Bp                  ",,,,"74                                                                              "
154,8/31/2014 4:34:19,952,8/30/2014 21:34:19,10/15/2015 21:27:15,1,1.296000003,44.569900000,-125.021400000,"DIFAR Localisation                                                              ",21.500000000,263.000000000,284.500000000,27.343750000,74.003847778,0.000031139,"Bp                  ",,,,"74                                                                              "
155,8/31/2014 4:39:42,906,8/30/2014 21:39:42,10/15/2015 21:33:01,1,1.024000048,44.569900000,-125.021400000,"DIFAR Localisation                                                              ",21.500000000,270.000000000,291.500000000,32.226562500,72.920205557,0.000008822,"Bp                  ",,,,"No group                                                                        "
156,8/31/2014 4:39:54,737,8/30/2014 21:39:54,10/15/2015 21:33:21,1,1.024000048,44.569900000,-125.021400000,"DIFAR Localisation                                                              ",21.500000000,270.000000000,291.500000000,28.320312500,74.105206395,0.000007607,"Bp                  ",,,,"No group                                                                        "
157,8/31/2014 4:39:59,73,8/30/2014 21:39:59,10/15/2015 21:33:50,1,1.080000042,44.569900000,-125.021400000,"DIFAR Localisation                                                              ",21.500000000,180.000000000,201.500000000,24.414062500,80.421230075,0.000004209,"Bp                  ",,,,"No group                                                                        "
158,8/31/2014 4:40:11,559,8/30/2014 21:40:11,10/15/2015 21:34:06,1,1.024000048,44.569900000,-125.021400000,"DIFAR Localisation                                                              ",21.500000000,270.000000000,291.500000000,25.390625000,72.431820448,0.000010173,"Bp                  ",,,,"No group                                                                        "
159,8/31/2014 4:46:53,105,8/30/2014 21:46:53,10/15/2015 21:41:02,1,1.368000030,44.569900000,-125.021400000,"DIFAR Localisation                                                              ",21.500000000,220.000000000,241.500000000,28.320312500,75.175075213,0.000023338,"Bp                  ",,,,"No group                                                                        "
160,8/31/2014 4:47:52,771,8/30/2014 21:47:52,10/15/2015 21:42:09,1,1.024000048,44.569900000,-125.021400000,"DIFAR Localisation                                                              ",21.500000000,180.000000000,201.500000000,25.390625000,72.163914532,0.000003641,"Bp                  ",,,,"No group                                                                        "
161,8/31/2014 4:48:09,784,8/30/2014 21:48:09,10/15/2015 21:42:28,0,1.296000003,44.554250000,-125.015433333,"DIFAR Localisation                                                              ",19.500000000,253.000000000,272.500000000,17.578125000,77.817562383,0.000054534,"Bp                  ",,,,"75                                                                              "
162,8/31/2014 4:48:09,862,8/30/2014 21:48:09,10/15/2015 21:42:46,1,1.151979207,44.569900000,-125.021400000,"DIFAR Localisation                                                              ",21.500000000,202.000000000,223.500000000,17.578125000,73.468811406,0.000214788,"Bp                  ",44.555050851,-125.041177681,"161                                                                             ","75                                                                              "
163,8/31/2014 4:48:27,600,8/30/2014 21:48:27,10/15/2015 21:43:08,0,1.656000018,44.554250000,-125.015433333,"DIFAR Localisation                                                              ",19.500000000,240.000000000,259.500000000,19.531250000,84.570391074,0.000151503,"Bp                  ",,,,"76                                                                              "
164,8/31/2014 4:48:27,60,8/30/2014 21:48:27,10/15/2015 21:43:18,1,1.583999991,44.569900000,-125.021400000,"DIFAR Localisation                                                              ",21.500000000,196.000000000,217.500000000,23.437500000,78.772861851,0.000396618,"Bp                  ",44.550736777,-125.042037483,"163                                                                             ","76                                                                              "
165,8/31/2014 4:48:43,224,8/30/2014 21:48:43,10/15/2015 21:43:36,0,1.296000003,44.554250000,-125.015433333,"DIFAR Localisation                                                              ",19.500000000,235.000000000,254.500000000,20.507812500,83.119218044,0.000194967,"Bp                  ",,,,"77                                                                              "
166,8/31/2014 4:48:42,523,8/30/2014 21:48:42,10/15/2015 21:43:52,1,1.368000030,44.569900000,-125.021400000,"DIFAR Localisation                                                              ",21.500000000,188.000000000,209.500000000,23.437500000,77.147023427,0.000051094,"Bp                  ",44.549939124,-125.037249893,"165                                                                             ","77                                                                              "
167,8/31/2014 4:48:49,618,8/30/2014 21:48:49,10/15/2015 21:44:04,1,1.223999977,44.569900000,-125.021400000,"DIFAR Localisation                                                              ",21.500000000,196.000000000,217.500000000,29.296875000,74.477542626,0.000179236,"Bp                  ",,,,"No group                                                                        "
168,8/31/2014 4:49:27,744,8/30/2014 21:49:27,10/15/2015 21:45:11,0,1.368000030,44.554250000,-125.015433333,"DIFAR Localisation                                                              ",19.500000000,236.000000000,255.500000000,25.390625000,80.538640417,0.000022085,"Bp                  ",,,,"78                                                                              "
169,8/31/2014 4:49:27,817,8/30/2014 21:49:27,10/15/2015 21:45:22,1,1.368000030,44.569900000,-125.021400000,"DIFAR Localisation                                                              ",21.500000000,211.000000000,232.500000000,28.320312500,76.809436221,0.000211740,"Bp                  ",44.544635492,-125.067607800,"168                                                                             ","78                                                                              "
170,8/31/2014 4:49:52,260,8/30/2014 21:49:52,10/15/2015 21:45:51,1,1.296000003,44.569900000,-125.021400000,"DIFAR Localisation                                                              ",21.500000000,194.000000000,215.500000000,17.578125000,67.381250498,0.000043327,"Bp                  ",,,,"No group                                                                        "
171,8/31/2014 4:50:08,915,8/30/2014 21:50:08,10/15/2015 21:46:20,0,1.440000057,44.554250000,-125.015433333,"DIFAR Localisation                                                              ",19.500000000,254.000000000,273.500000000,24.414062500,82.633716046,0.000134497,"Bp                  ",,,,"79                                                                              "
172,8/31/2014 4:50:08,504,8/30/2014 21:50:08,10/15/2015 21:46:29,1,1.876000046,44.569900000,-125.021400000,"DIFAR Localisation                                                              ",21.500000000,207.000000000,228.500000000,22.460937500,88.586658744,0.001407237,"Bp                  ",44.555505155,-125.044236211,"171                                                                             ","79                                                                              "
173,8/31/2014 4:50:25,784,8/30/2014 21:50:25,10/15/2015 21:46:47,0,2.092000007,44.554250000,-125.015433333,"DIFAR Localisation                                                              ",19.500000000,253.000000000,272.500000000,18.554687500,88.551615402,0.000209149,"Bp                  ",,,,"80                                                                              "
174,8/31/2014 4:50:25,912,8/30/2014 21:50:25,10/15/2015 21:47:00,1,1.511999964,44.569900000,-125.021400000,"DIFAR Localisation                                                              ",21.500000000,203.000000000,224.500000000,18.554687500,79.627806346,0.000691237,"Bp                  ",44.555071821,-125.041851795,"173                                                                             ","80                                                                              "
175,8/31/2014 4:50:41,360,8/30/2014 21:50:41,10/15/2015 21:47:16,0,1.368000030,44.554250000,-125.015433333,"DIFAR Localisation                                                              ",19.500000000,253.000000000,272.500000000,25.390625000,78.776656675,0.000085263,"Bp                  ",,,,"81                                                                              "
176,8/31/2014 4:50:41,71,8/30/2014 21:50:41,10/15/2015 21:47:25,1,1.080000042,44.569900000,-125.021400000,"DIFAR Localisation                                                              ",21.500000000,180.000000000,201.500000000,30.273437500,80.091170688,0.000064555,"Bp                  ",44.554697078,-125.029805180,"175                                                                             ","81                                                                              "
177,8/31/2014 4:50:58,512,8/30/2014 21:50:58,10/15/2015 21:47:51,0,1.804000020,44.554250000,-125.015433333,"DIFAR Localisation                                                              ",19.500000000,262.000000000,281.500000000,17.578125000,81.391264909,0.000053976,"Bp                  ",,,,"82                                                                              "
178,8/31/2014 4:50:58,730,8/30/2014 21:50:58,10/15/2015 21:48:03,1,1.080000042,44.569900000,-125.021400000,"DIFAR Localisation                                                              ",21.500000000,180.000000000,201.500000000,17.578125000,69.600215092,0.000113992,"Bp                  ",44.556211906,-125.028967782,"177                                                                             ","82                                                                              "
179,8/31/2014 4:51:15,609,8/30/2014 21:51:15,10/15/2015 21:48:25,0,1.656000018,44.554250000,-125.015433333,"DIFAR Localisation                                                              ",19.500000000,271.000000000,290.500000000,22.460937500,86.724873997,0.000129288,"Bp                  ",,,,"83                                                                              "
180,8/31/2014 4:51:15,231,8/30/2014 21:51:15,10/15/2015 21:48:36,1,1.583999991,44.569900000,-125.021400000,"DIFAR Localisation                                                              ",21.500000000,202.000000000,223.500000000,23.437500000,83.695847334,0.001103672,"Bp                  ",44.559521708,-125.035223447,"179                                                                             ","83                                                                              "
181,8/31/2014 4:51:37,917,8/30/2014 21:51:37,10/15/2015 21:49:43,0,1.368000030,44.554250000,-125.015433333,"DIFAR Localisation                                                              ",19.500000000,255.000000000,274.500000000,18.554687500,81.080105371,0.000238333,"Bp                  ",,,,"84                                                                              "
182,8/31/2014 4:51:37,673,8/30/2014 21:51:37,10/15/2015 21:49:55,1,1.728000044,44.569900000,-125.021400000,"DIFAR Localisation                                                              ",21.500000000,216.000000000,237.500000000,18.554687500,84.780935497,0.001060402,"Bp                  ",44.556268561,-125.051431892,"181                                                                             ","84                                                                              "
183,8/31/2014 4:51:54,194,8/30/2014 21:51:54,10/15/2015 21:50:11,0,1.368000030,44.554250000,-125.015433333,"DIFAR Localisation                                                              ",19.500000000,244.000000000,263.500000000,24.414062500,80.107186185,0.000137461,"Bp                  ",,,,"85                                                                              "
184,8/31/2014 4:51:54,149,8/30/2014 21:51:54,10/15/2015 21:50:23,1,1.024000048,44.569900000,-125.021400000,"DIFAR Localisation                                                              ",21.500000000,180.000000000,201.500000000,24.414062500,76.965176910,0.000470129,"Bp                  ",44.553007494,-125.030739159,"183                                                                             ","85                                                                              "
185,8/31/2014 4:52:05,140,8/30/2014 21:52:05,10/15/2015 21:50:45,0,1.080000042,44.554250000,-125.015433333,"DIFAR Localisation                                                              ",19.500000000,270.000000000,289.500000000,18.554687500,63.651805935,0.000006051,"Bp                  ",,,,"86                                                                              "
186,8/31/2014 4:52:04,895,8/30/2014 21:52:04,10/15/2015 21:50:56,1,1.151979207,44.569900000,-125.021400000,"DIFAR Localisation                                                              ",21.500000000,214.000000000,235.500000000,17.578125000,74.576082671,0.000011816,"Bp                  ",44.560565161,-125.040464124,"185                                                                             ","86                                                                              "
187,8/31/2014 4:52:21,73,8/30/2014 21:52:21,10/15/2015 21:51:23,0,1.223999977,44.554250000,-125.015433333,"DIFAR Localisation                                                              ",19.500000000,269.000000000,288.500000000,29.296875000,76.308115920,0.000083574,"Bp                  ",,,,"87                                                                              "
188,8/31/2014 4:52:20,494,8/30/2014 21:52:20,10/15/2015 21:51:33,1,1.511999964,44.569900000,-125.021400000,"DIFAR Localisation                                                              ",21.500000000,214.000000000,235.500000000,32.226562500,76.168737968,0.000160394,"Bp                  ",44.560330996,-125.040942312,"187                                                                             ","87                                                                              "
189,8/31/2014 4:52:38,409,8/30/2014 21:52:38,10/15/2015 21:52:00,0,1.368000030,44.554250000,-125.015433333,"DIFAR Localisation                                                              ",19.500000000,251.000000000,270.500000000,24.414062500,80.698651719,0.000023815,"Bp                  ",,,,"88                                                                              "
190,8/31/2014 4:52:38,125,8/30/2014 21:52:38,10/15/2015 21:52:15,1,1.368000030,44.569900000,-125.021400000,"DIFAR Localisation                                                              ",21.500000000,242.000000000,263.500000000,23.437500000,75.417465687,0.000022254,"Bp                  ",44.555397884,-125.200047509,"189                                                                             ","88                                                                              "
191,8/31/2014 4:54:53,716,8/30/2014 21:54:53,10/15/2015 21:55:39,0,1.024000048,44.554250000,-125.015433333,"DIFAR Localisation                                                              ",19.500000000,270.000000000,289.500000000,28.320312500,75.596004442,0.000008052,"Bp                  ",,,,"89                                                                              "
192,8/31/2014 4:54:55,103,8/30/2014 21:54:55,10/15/2015 21:55:52,1,1.080000042,44.569900000,-125.021400000,"DIFAR Localisation                                                              ",21.500000000,270.000000000,291.500000000,32.226562500,72.523165735,0.000006422,"Bp                  ",,,,"89                                                                              "
193,8/31/2014 5:05:53,921,8/30/2014 22:05:53,10/15/2015 22:07:12,1,1.024000048,44.569900000,-125.021400000,"DIFAR Localisation                                                              ",21.500000000,180.000000000,201.500000000,25.390625000,74.690920907,0.000002820,"Bp                  ",,,,"No group                                                                        "
194,8/31/2014 5:06:10,276,8/30/2014 22:06:10,10/15/2015 22:07:29,1,1.024000048,44.569900000,-125.021400000,"DIFAR Localisation                                                              ",21.500000000,270.000000000,291.500000000,25.390625000,69.800282790,0.000002795,"Bp                  ",,,,"No group                                                                        "
195,8/31/2014 5:06:23,535,8/30/2014 22:06:23,10/15/2015 22:07:43,1,1.024000048,44.569900000,-125.021400000,"DIFAR Localisation                                                              ",21.500000000,270.000000000,291.500000000,29.296875000,73.462430355,0.000004302,"Bp                  ",,,,"No group                                                                        "
196,8/31/2014 5:07:01,574,8/30/2014 22:07:01,10/15/2015 22:08:51,0,1.223999977,44.554250000,-125.015433333,"DIFAR Localisation                                                              ",19.500000000,252.000000000,271.500000000,30.273437500,78.895351171,0.000049528,"Bp                  ",,,,"90                                                                              "
197,8/31/2014 5:07:01,246,8/30/2014 22:07:01,10/15/2015 22:09:02,1,1.151979207,44.569900000,-125.021400000,"DIFAR Localisation                                                              ",21.500000000,254.000000000,275.500000000,29.296875000,74.628011450,0.000013301,"Bp                  ",,,,"90                                                                              "
198,8/31/2014 5:07:12,537,8/30/2014 22:07:12,10/15/2015 22:09:19,1,1.024000048,44.569900000,-125.021400000,"DIFAR Localisation                                                              ",21.500000000,270.000000000,291.500000000,33.203125000,72.524131255,0.000018533,"Bp                  ",,,,"No group                                                                        "
199,8/31/2014 5:08:31,266,8/30/2014 22:08:31,10/15/2015 22:11:16,0,1.024000048,44.554250000,-125.015433333,"DIFAR Localisation                                                              ",19.500000000,180.000000000,199.500000000,28.320312500,75.008792288,0.000006885,"Bp                  ",,,,"No group                                                                        "
200,8/31/2014 5:10:37,906,8/30/2014 22:10:37,10/15/2015 22:13:42,1,1.151979207,44.569900000,-125.021400000,"DIFAR Localisation                                                              ",21.500000000,248.000000000,269.500000000,29.296875000,78.315307965,0.000030603,"Bp                  ",,,,"No group                                                                        "
201,8/31/2014 5:10:58,994,8/30/2014 22:10:58,10/15/2015 22:14:34,1,1.080000042,44.569900000,-125.021400000,"DIFAR Localisation                                                              ",21.500000000,270.000000000,291.500000000,35.156250000,72.911179541,0.000012386,"Bp                  ",,,,"No group                                                                        "
202,8/31/2014 5:11:03,591,8/30/2014 22:11:03,10/15/2015 22:14:54,0,1.024000048,44.554250000,-125.015433333,"DIFAR Localisation                                                              ",19.500000000,180.000000000,199.500000000,27.343750000,76.335439935,0.000009773,"Bp                  ",,,,"No group                                                                        "
203,8/31/2014 5:11:23,890,8/30/2014 22:11:23,10/15/2015 22:15:22,0,1.080000042,44.554250000,-125.015433333,"DIFAR Localisation                                                              ",19.500000000,180.000000000,199.500000000,30.273437500,76.051837200,0.000003668,"Bp                  ",,,,"91                                                                              "
204,8/31/2014 5:11:24,608,8/30/2014 22:11:24,10/15/2015 22:15:32,1,1.296000003,44.569900000,-125.021400000,"DIFAR Localisation                                                              ",21.500000000,202.000000000,223.500000000,29.296875000,77.853224317,0.000010712,"Bp                  ",,,,"91                                                                              "
205,8/31/2014 5:15:29,645,8/30/2014 22:15:29,10/15/2015 22:19:51,0,1.151979207,44.554250000,-125.015433333,"DIFAR Localisation                                                              ",19.500000000,206.000000000,225.500000000,33.203125000,76.067760832,0.000015090,"Bp                  ",,,,"No group                                                                        "
206,8/31/2014 5:16:10,646,8/30/2014 22:16:10,10/15/2015 22:20:35,1,1.024000048,44.569900000,-125.021400000,"DIFAR Localisation                                                              ",21.500000000,270.000000000,291.500000000,26.367187500,72.431625724,0.000006043,"Bp                  ",,,,"No group                                                                        "
207,8/31/2014 5:16:22,740,8/30/2014 22:16:22,10/15/2015 22:20:52,1,1.024000048,44.569900000,-125.021400000,"DIFAR Localisation                                                              ",21.500000000,270.000000000,291.500000000,29.296875000,71.304378929,0.000011434,"Bp                  ",,,,"No group                                                                        "
208,8/31/2014 5:18:40,332,8/30/2014 22:18:40,10/15/2015 22:23:07,0,1.024000048,44.554250000,-125.015433333,"DIFAR Localisation                                                              ",19.500000000,270.000000000,289.500000000,32.226562500,73.759910723,0.000026375,"Bp                  ",,,,"92                                                                              "
209,8/31/2014 5:18:40,126,8/30/2014 22:18:40,10/15/2015 22:23:19,1,1.024000048,44.569900000,-125.021400000,"DIFAR Localisation                                                              ",21.500000000,270.000000000,291.500000000,35.156250000,75.980725813,0.000064595,"Bp                  ",,,,"92                                                                              "
210,8/31/2014 5:18:55,482,8/30/2014 22:18:55,10/15/2015 22:23:52,0,1.223999977,44.554250000,-125.015433333,"DIFAR Localisation                                                              ",19.500000000,245.000000000,264.500000000,31.250000000,75.378027862,0.000040017,"Bp                  ",,,,"93                                                                              "
211,8/31/2014 5:18:55,171,8/30/2014 22:18:55,10/15/2015 22:24:06,1,1.151979207,44.569900000,-125.021400000,"DIFAR Localisation                                                              ",21.500000000,236.000000000,257.500000000,32.226562500,77.965379926,0.000014793,"Bp                  ",44.541509956,-125.201114903,"210                                                                             ","93                                                                              "
212,8/31/2014 5:19:01,621,8/30/2014 22:19:01,10/15/2015 22:24:19,0,1.440000057,44.554250000,-125.015433333,"DIFAR Localisation                                                              ",19.500000000,263.000000000,282.500000000,28.320312500,77.151033495,0.000022980,"Bp                  ",,,,"94                                                                              "
213,8/31/2014 5:19:01,510,8/30/2014 22:19:01,10/15/2015 22:24:32,1,1.080000042,44.569900000,-125.021400000,"DIFAR Localisation                                                              ",21.500000000,270.000000000,291.500000000,30.273437500,76.569841987,0.000014101,"Bp                  ",,,,"94                                                                              "
214,8/31/2014 5:25:53,116,8/30/2014 22:25:53,10/15/2015 22:35:35,0,1.080000042,44.554250000,-125.015433333,"DIFAR Localisation                                                              ",19.500000000,270.000000000,289.500000000,26.367187500,77.940239242,0.000017255,"Bp                  ",,,,"95                                                                              "
215,8/31/2014 5:25:53,289,8/30/2014 22:25:53,10/15/2015 22:35:44,1,1.440000057,44.569900000,-125.021400000,"DIFAR Localisation                                                              ",21.500000000,229.000000000,250.500000000,25.390625000,82.241382131,0.000081450,"Bp                  ",44.562827713,-125.049432638,"214                                                                             ","95                                                                              "
216,8/31/2014 5:34:41,11,8/30/2014 22:34:41,10/15/2015 22:44:41,0,1.024000048,44.554250000,-125.015433333,"DIFAR Localisation                                                              ",19.500000000,270.000000000,289.500000000,29.296875000,72.235877738,0.000017035,"Bp                  ",,,,"96                                                                              "
217,8/31/2014 5:34:41,673,8/30/2014 22:34:41,10/15/2015 22:44:53,1,1.080000042,44.569900000,-125.021400000,"DIFAR Localisation                                                              ",21.500000000,270.000000000,291.500000000,23.437500000,81.159650499,0.000046042,"Bp                  ",,,,"96                                                                              "
218,8/31/2014 5:34:58,636,8/30/2014 22:34:58,10/15/2015 22:45:21,0,1.368000030,44.554250000,-125.015433333,"DIFAR Localisation                                                              ",19.500000000,253.000000000,272.500000000,24.414062500,77.192345640,0.000036401,"Bp                  ",,,,"97                                                                              "
219,8/31/2014 5:34:59,54,8/30/2014 22:34:59,10/15/2015 22:45:33,1,1.583999991,44.569900000,-125.021400000,"DIFAR Localisation                                                              ",21.500000000,231.000000000,252.500000000,23.437500000,79.218796152,0.000088878,"Bp                  ",44.556316574,-125.081866601,"218                                                                             ","97                                                                              "
220,8/31/2014 5:35:18,522,8/30/2014 22:35:18,10/15/2015 22:45:58,0,1.296000003,44.554250000,-125.015433333,"DIFAR Localisation                                                              ",19.500000000,216.000000000,235.500000000,24.414062500,73.858511457,0.000032829,"Bp                  ",,,,"98                                                                              "
221,8/31/2014 5:35:18,908,8/30/2014 22:35:18,10/15/2015 22:46:08,1,1.223999977,44.569900000,-125.021400000,"DIFAR Localisation                                                              ",21.500000000,239.000000000,260.500000000,28.320312500,74.946741445,0.000014708,"Bp                  ",,,,"98                                                                              "
222,8/31/2014 5:41:38,374,8/30/2014 22:41:38,10/15/2015 22:53:32,0,1.024000048,44.554250000,-125.015433333,"DIFAR Localisation                                                              ",19.500000000,270.000000000,289.500000000,24.414062500,71.482848342,0.000011563,"Bp                  ",,,,"99                                                                              "
223,8/31/2014 5:41:38,580,8/30/2014 22:41:38,10/15/2015 22:53:44,1,1.080000042,44.569900000,-125.021400000,"DIFAR Localisation                                                              ",21.500000000,270.000000000,291.500000000,25.390625000,73.661311507,0.000009599,"Bp                  ",,,,"99                                                                              "
224,8/31/2014 5:41:55,767,8/30/2014 22:41:55,10/15/2015 22:53:57,0,1.223999977,44.554250000,-125.015433333,"DIFAR Localisation                                                              ",19.500000000,205.000000000,224.500000000,19.531250000,74.300845112,0.000009509,"Bp                  ",,,,"100                                                                             "
225,8/31/2014 5:41:56,207,8/30/2014 22:41:56,10/15/2015 22:54:07,1,1.511999964,44.569900000,-125.021400000,"DIFAR Localisation                                                              ",21.500000000,201.000000000,222.500000000,21.484375000,74.416820496,0.000017116,"Bp                  ",44.274110296,-125.400901319,"224                                                                             ","100                                                                             "
226,8/31/2014 5:42:12,711,8/30/2014 22:42:12,10/15/2015 22:54:20,0,1.947999954,44.554250000,-125.015433333,"DIFAR Localisation                                                              ",19.500000000,242.000000000,261.500000000,21.484375000,79.319181612,0.000055185,"Bp                  ",,,,"101                                                                             "
227,8/31/2014 5:42:13,78,8/30/2014 22:42:13,10/15/2015 22:54:30,1,1.511999964,44.569900000,-125.021400000,"DIFAR Localisation                                                              ",21.500000000,232.000000000,253.500000000,23.437500000,77.661363016,0.000027605,"Bp                  ",44.537030983,-125.177117869,"226                                                                             ","101                                                                             "
228,8/31/2014 5:45:06,70,8/30/2014 22:45:06,10/15/2015 22:57:24,0,1.151979207,44.554250000,-125.015433333,"DIFAR Localisation                                                              ",19.500000000,258.000000000,277.500000000,28.320312500,74.985167994,0.000020795,"Bp                  ",,,,"No group                                                                        "
229,8/31/2014 5:45:48,235,8/30/2014 22:45:48,10/15/2015 22:58:10,0,1.223999977,44.554250000,-125.015433333,"DIFAR Localisation                                                              ",19.500000000,225.000000000,244.500000000,16.601562500,81.709573488,0.000008013,"Bp                  ",,,,"102                                                                             "
230,8/31/2014 5:45:48,68,8/30/2014 22:45:48,10/15/2015 22:58:21,1,1.440000057,44.569900000,-125.021400000,"DIFAR Localisation                                                              ",21.500000000,249.000000000,270.500000000,20.507812500,72.708152166,0.000007693,"Bp                  ",,,,"102                                                                             "
231,8/31/2014 5:46:02,674,8/30/2014 22:46:02,10/15/2015 22:58:35,0,1.223999977,44.554250000,-125.015433333,"DIFAR Localisation                                                              ",19.500000000,234.000000000,253.500000000,21.484375000,91.953799405,0.000132298,"Bp                  ",,,,"103                                                                             "
232,8/31/2014 5:46:02,519,8/30/2014 22:46:02,10/15/2015 22:58:49,1,1.223999977,44.569900000,-125.021400000,"DIFAR Localisation                                                              ",21.500000000,233.000000000,254.500000000,24.414062500,77.721580111,0.000018428,"Bp                  ",,,,"103                                                                             "
233,8/31/2014 5:46:16,135,8/30/2014 22:46:16,10/15/2015 22:59:03,0,1.151979207,44.554250000,-125.015433333,"DIFAR Localisation                                                              ",19.500000000,228.000000000,247.500000000,22.460937500,92.271668430,0.000205299,"Bp                  ",,,,"104                                                                             "
234,8/31/2014 5:46:15,890,8/30/2014 22:46:15,10/15/2015 22:59:13,1,1.151979207,44.569900000,-125.021400000,"DIFAR Localisation                                                              ",21.500000000,232.000000000,253.500000000,25.390625000,77.954504753,0.000042047,"Bp                  ",,,,"104                                                                             "
235,8/31/2014 5:46:25,789,8/30/2014 22:46:25,10/15/2015 22:59:26,0,1.024000048,44.554250000,-125.015433333,"DIFAR Localisation                                                              ",19.500000000,270.000000000,289.500000000,23.437500000,89.719056704,0.000081395,"Bp                  ",,,,"105                                                                             "
236,8/31/2014 5:46:25,722,8/30/2014 22:46:25,10/15/2015 22:59:38,1,1.024000048,44.569900000,-125.021400000,"DIFAR Localisation                                                              ",21.500000000,270.000000000,291.500000000,29.296875000,79.597502478,0.000013401,"Bp                  ",,,,"105                                                                             "
237,8/31/2014 5:46:42,96,8/30/2014 22:46:42,10/15/2015 23:01:00,0,1.080000042,44.554250000,-125.015433333,"DIFAR Localisation                                                              ",19.500000000,270.000000000,289.500000000,29.296875000,86.600468258,0.000050726,"Bp                  ",,,,"106                                                                             "
238,8/31/2014 5:46:41,924,8/30/2014 22:46:41,10/15/2015 23:01:09,1,1.080000042,44.569900000,-125.021400000,"DIFAR Localisation                                                              ",21.500000000,270.000000000,291.500000000,30.273437500,76.037027298,0.000021403,"Bp                  ",,,,"106                                                                             "
239,8/31/2014 5:46:54,979,8/30/2014 22:46:54,10/15/2015 23:01:29,0,1.024000048,44.554250000,-125.015433333,"DIFAR Localisation                                                              ",19.500000000,270.000000000,289.500000000,29.296875000,74.844159460,0.000014678,"Bp                  ",,,,"No group                                                                        "
240,8/31/2014 5:47:06,60,8/30/2014 22:47:06,10/15/2015 23:01:59,0,1.368000030,44.554250000,-125.015433333,"DIFAR Localisation                                                              ",19.500000000,272.000000000,291.500000000,24.414062500,77.938171574,0.000006740,"Bp                  ",,,,"No group                                                                        "
241,8/31/2014 5:47:21,525,8/30/2014 22:47:21,10/15/2015 23:02:11,0,1.024000048,44.554250000,-125.015433333,"DIFAR Localisation                                                              ",19.500000000,270.000000000,289.500000000,26.367187500,70.003112689,0.000006352,"Bp                  ",,,,"No group                                                                        "
242,8/31/2014 5:47:42,768,8/30/2014 22:47:42,10/15/2015 23:02:35,0,1.223999977,44.554250000,-125.015433333,"DIFAR Localisation                                                              ",19.500000000,244.000000000,263.500000000,24.414062500,75.632309242,0.000004756,"Bp                  ",,,,"No group                                                                        "
